ID,P25
1,V_25-1
2,V_25-2
3,V_25-3
4,V_25-4
5,V_25-5
6,V_25-6
7,V_25-7
8,V_25-8
9,V_25-9
10,V_25-10
11,V_25-11
12,V_25-12
13,V_25-13
14,V_25-14
15,V_25-15
16,V_25-16
17,V_25-17
18,V_25-18
19,V_25-19
20,V_25-20
21,V_25-21
22,V_25-22
23,V_25-23
24,V_25-24
25,V_25-25
26,V_25-26
27,V_25-27
28,V_25-28
29,V_25-29
30,V_25-30
31,V_25-31
32,V_25-32
33,V_25-33
34,V_25-34
35,V_25-35
36,V_25-36
37,V_25-37
38,V_25-38
39,V_25-39
40,V_25-40
41,V_25-41
42,V_25-42
43,V_25-43
44,V_25-44
45,V_25-45
46,V_25-46
47,V_25-47
48,V_25-48
49,V_25-49
50,V_25-50
51,V_25-51
52,V_25-52
53,V_25-53
54,V_25-54
55,V_25-55
56,V_25-56
57,V_25-57
58,V_25-58
59,V_25-59
60,V_25-60
61,V_25-61
62,V_25-62
63,V_25-63
64,V_25-64
65,V_25-65
66,V_25-66
67,V_25-67
68,V_25-68
69,V_25-69
70,V_25-70
71,V_25-71
72,V_25-72
73,V_25-73
74,V_25-74
75,V_25-75
76,V_25-76
77,V_25-77
78,V_25-78
79,V_25-79
80,V_25-80
81,V_25-81
82,V_25-82
83,V_25-83
84,V_25-84
85,V_25-85
86,V_25-86
87,V_25-87
88,V_25-88
89,V_25-89
90,V_25-90
91,V_25-91
92,V_25-92
93,V_25-93
94,V_25-94
95,V_25-95
96,V_25-96
97,V_25-97
98,V_25-98
99,V_25-99
100,V_25-100
101,V_25-101
102,V_25-102
103,V_25-103
104,V_25-104
105,V_25-105
106,V_25-106
107,V_25-107
108,V_25-108
109,V_25-109
110,V_25-110
111,V_25-111
112,V_25-112
113,V_25-113
114,V_25-114
115,V_25-115
116,V_25-116
117,V_25-117
118,V_25-118
119,V_25-119
120,V_25-120
121,V_25-121
122,V_25-122
123,V_25-123
124,V_25-124
125,V_25-125
126,V_25-126
127,V_25-127
128,V_25-128
129,V_25-129
130,V_25-130
131,V_25-131
132,V_25-132
133,V_25-133
134,V_25-134
135,V_25-135
136,V_25-136
137,V_25-137
138,V_25-138
139,V_25-139
140,V_25-140
141,V_25-141
142,V_25-142
143,V_25-143
144,V_25-144
145,V_25-145
146,V_25-146
147,V_25-147
148,V_25-148
149,V_25-149
150,V_25-150
151,V_25-151
152,V_25-152
153,V_25-153
154,V_25-154
155,V_25-155
156,V_25-156
157,V_25-157
158,V_25-158
159,V_25-159
160,V_25-160
161,V_25-161
162,V_25-162
163,V_25-163
164,V_25-164
165,V_25-165
166,V_25-166
167,V_25-167
168,V_25-168
169,V_25-169
170,V_25-170
171,V_25-171
172,V_25-172
173,V_25-173
174,V_25-174
175,V_25-175
176,V_25-176
177,V_25-177
178,V_25-178
179,V_25-179
180,V_25-180
181,V_25-181
182,V_25-182
183,V_25-183
184,V_25-184
185,V_25-185
186,V_25-186
187,V_25-187
188,V_25-188
189,V_25-189
190,V_25-190
191,V_25-191
192,V_25-192
193,V_25-193
194,V_25-194
195,V_25-195
196,V_25-196
197,V_25-197
198,V_25-198
199,V_25-199
200,V_25-200
201,V_25-201
202,V_25-202
203,V_25-203
204,V_25-204
205,V_25-205
206,V_25-206
207,V_25-207
208,V_25-208
209,V_25-209
210,V_25-210
211,V_25-211
212,V_25-212
213,V_25-213
214,V_25-214
215,V_25-215
216,V_25-216
217,V_25-217
218,V_25-218
219,V_25-219
220,V_25-220
221,V_25-221
222,V_25-222
223,V_25-223
224,V_25-224
225,V_25-225
226,V_25-226
227,V_25-227
228,V_25-228
229,V_25-229
230,V_25-230
231,V_25-231
232,V_25-232
233,V_25-233
234,V_25-234
235,V_25-235
236,V_25-236
237,V_25-237
238,V_25-238
239,V_25-239
240,V_25-240
241,V_25-241
242,V_25-242
243,V_25-243
244,V_25-244
245,V_25-245
246,V_25-246
247,V_25-247
248,V_25-248
249,V_25-249
250,V_25-250
251,V_25-251
252,V_25-252
253,V_25-253
254,V_25-254
255,V_25-255
256,V_25-256
257,V_25-257
258,V_25-258
259,V_25-259
260,V_25-260
261,V_25-261
262,V_25-262
263,V_25-263
264,V_25-264
265,V_25-265
266,V_25-266
267,V_25-267
268,V_25-268
269,V_25-269
270,V_25-270
271,V_25-271
272,V_25-272
273,V_25-273
274,V_25-274
275,V_25-275
276,V_25-276
277,V_25-277
278,V_25-278
279,V_25-279
280,V_25-280
281,V_25-281
282,V_25-282
283,V_25-283
284,V_25-284
285,V_25-285
286,V_25-286
287,V_25-287
288,V_25-288
289,V_25-289
290,V_25-290
291,V_25-291
292,V_25-292
293,V_25-293
294,V_25-294
295,V_25-295
296,V_25-296
297,V_25-297
298,V_25-298
299,V_25-299
300,V_25-300
301,V_25-301
302,V_25-302
303,V_25-303
304,V_25-304
305,V_25-305
306,V_25-306
307,V_25-307
308,V_25-308
309,V_25-309
310,V_25-310
311,V_25-311
312,V_25-312
313,V_25-313
314,V_25-314
315,V_25-315
316,V_25-316
317,V_25-317
318,V_25-318
319,V_25-319
320,V_25-320
321,V_25-321
322,V_25-322
323,V_25-323
324,V_25-324
325,V_25-325
326,V_25-326
327,V_25-327
328,V_25-328
329,V_25-329
330,V_25-330
331,V_25-331
332,V_25-332
333,V_25-333
334,V_25-334
335,V_25-335
336,V_25-336
337,V_25-337
338,V_25-338
339,V_25-339
340,V_25-340
341,V_25-341
342,V_25-342
343,V_25-343
344,V_25-344
345,V_25-345
346,V_25-346
347,V_25-347
348,V_25-348
349,V_25-349
350,V_25-350
351,V_25-351
352,V_25-352
353,V_25-353
354,V_25-354
355,V_25-355
356,V_25-356
357,V_25-357
358,V_25-358
359,V_25-359
360,V_25-360
361,V_25-361
362,V_25-362
363,V_25-363
364,V_25-364
365,V_25-365
366,V_25-366
367,V_25-367
368,V_25-368
369,V_25-369
370,V_25-370
371,V_25-371
372,V_25-372
373,V_25-373
374,V_25-374
375,V_25-375
376,V_25-376
377,V_25-377
378,V_25-378
379,V_25-379
380,V_25-380
381,V_25-381
382,V_25-382
383,V_25-383
384,V_25-384
385,V_25-385
386,V_25-386
387,V_25-387
388,V_25-388
389,V_25-389
390,V_25-390
391,V_25-391
392,V_25-392
393,V_25-393
394,V_25-394
395,V_25-395
396,V_25-396
397,V_25-397
398,V_25-398
399,V_25-399
400,V_25-400
401,V_25-401
402,V_25-402
403,V_25-403
404,V_25-404
405,V_25-405
406,V_25-406
407,V_25-407
408,V_25-408
409,V_25-409
410,V_25-410
411,V_25-411
412,V_25-412
413,V_25-413
414,V_25-414
415,V_25-415
416,V_25-416
417,V_25-417
418,V_25-418
419,V_25-419
420,V_25-420
421,V_25-421
422,V_25-422
423,V_25-423
424,V_25-424
425,V_25-425
426,V_25-426
427,V_25-427
428,V_25-428
429,V_25-429
430,V_25-430
431,V_25-431
432,V_25-432
433,V_25-433
434,V_25-434
435,V_25-435
436,V_25-436
437,V_25-437
438,V_25-438
439,V_25-439
440,V_25-440
441,V_25-441
442,V_25-442
443,V_25-443
444,V_25-444
445,V_25-445
446,V_25-446
447,V_25-447
448,V_25-448
449,V_25-449
450,V_25-450
451,V_25-451
452,V_25-452
453,V_25-453
454,V_25-454
455,V_25-455
456,V_25-456
457,V_25-457
458,V_25-458
459,V_25-459
460,V_25-460
461,V_25-461
462,V_25-462
463,V_25-463
464,V_25-464
465,V_25-465
466,V_25-466
467,V_25-467
468,V_25-468
469,V_25-469
470,V_25-470
471,V_25-471
472,V_25-472
473,V_25-473
474,V_25-474
475,V_25-475
476,V_25-476
477,V_25-477
478,V_25-478
479,V_25-479
480,V_25-480
481,V_25-481
482,V_25-482
483,V_25-483
484,V_25-484
485,V_25-485
486,V_25-486
487,V_25-487
488,V_25-488
489,V_25-489
490,V_25-490
491,V_25-491
492,V_25-492
493,V_25-493
494,V_25-494
495,V_25-495
496,V_25-496
497,V_25-497
498,V_25-498
499,V_25-499
500,V_25-500
501,V_25-501
502,V_25-502
503,V_25-503
504,V_25-504
505,V_25-505
506,V_25-506
507,V_25-507
508,V_25-508
509,V_25-509
510,V_25-510
511,V_25-511
512,V_25-512
513,V_25-513
514,V_25-514
515,V_25-515
516,V_25-516
517,V_25-517
518,V_25-518
519,V_25-519
520,V_25-520
521,V_25-521
522,V_25-522
523,V_25-523
524,V_25-524
525,V_25-525
526,V_25-526
527,V_25-527
528,V_25-528
529,V_25-529
530,V_25-530
531,V_25-531
532,V_25-532
533,V_25-533
534,V_25-534
535,V_25-535
536,V_25-536
537,V_25-537
538,V_25-538
539,V_25-539
540,V_25-540
541,V_25-541
542,V_25-542
543,V_25-543
544,V_25-544
545,V_25-545
546,V_25-546
547,V_25-547
548,V_25-548
549,V_25-549
550,V_25-550
551,V_25-551
552,V_25-552
553,V_25-553
554,V_25-554
555,V_25-555
556,V_25-556
557,V_25-557
558,V_25-558
559,V_25-559
560,V_25-560
561,V_25-561
562,V_25-562
563,V_25-563
564,V_25-564
565,V_25-565
566,V_25-566
567,V_25-567
568,V_25-568
569,V_25-569
570,V_25-570
571,V_25-571
572,V_25-572
573,V_25-573
574,V_25-574
575,V_25-575
576,V_25-576
577,V_25-577
578,V_25-578
579,V_25-579
580,V_25-580
581,V_25-581
582,V_25-582
583,V_25-583
584,V_25-584
585,V_25-585
586,V_25-586
587,V_25-587
588,V_25-588
589,V_25-589
590,V_25-590
591,V_25-591
592,V_25-592
593,V_25-593
594,V_25-594
595,V_25-595
596,V_25-596
597,V_25-597
598,V_25-598
599,V_25-599
600,V_25-600
601,V_25-601
602,V_25-602
603,V_25-603
604,V_25-604
605,V_25-605
606,V_25-606
607,V_25-607
608,V_25-608
609,V_25-609
610,V_25-610
611,V_25-611
612,V_25-612
613,V_25-613
614,V_25-614
615,V_25-615
616,V_25-616
617,V_25-617
618,V_25-618
619,V_25-619
620,V_25-620
621,V_25-621
622,V_25-622
623,V_25-623
624,V_25-624
625,V_25-625
626,V_25-626
627,V_25-627
628,V_25-628
629,V_25-629
630,V_25-630
631,V_25-631
632,V_25-632
633,V_25-633
634,V_25-634
635,V_25-635
636,V_25-636
637,V_25-637
638,V_25-638
639,V_25-639
640,V_25-640
641,V_25-641
642,V_25-642
643,V_25-643
644,V_25-644
645,V_25-645
646,V_25-646
647,V_25-647
648,V_25-648
649,V_25-649
650,V_25-650
651,V_25-651
652,V_25-652
653,V_25-653
654,V_25-654
655,V_25-655
656,V_25-656
657,V_25-657
658,V_25-658
659,V_25-659
660,V_25-660
661,V_25-661
662,V_25-662
663,V_25-663
664,V_25-664
665,V_25-665
666,V_25-666
667,V_25-667
668,V_25-668
669,V_25-669
670,V_25-670
671,V_25-671
672,V_25-672
673,V_25-673
674,V_25-674
675,V_25-675
676,V_25-676
677,V_25-677
678,V_25-678
679,V_25-679
680,V_25-680
681,V_25-681
682,V_25-682
683,V_25-683
684,V_25-684
685,V_25-685
686,V_25-686
687,V_25-687
688,V_25-688
689,V_25-689
690,V_25-690
691,V_25-691
692,V_25-692
693,V_25-693
694,V_25-694
695,V_25-695
696,V_25-696
697,V_25-697
698,V_25-698
699,V_25-699
700,V_25-700
701,V_25-701
702,V_25-702
703,V_25-703
704,V_25-704
705,V_25-705
706,V_25-706
707,V_25-707
708,V_25-708
709,V_25-709
710,V_25-710
711,V_25-711
712,V_25-712
713,V_25-713
714,V_25-714
715,V_25-715
716,V_25-716
717,V_25-717
718,V_25-718
719,V_25-719
720,V_25-720
721,V_25-721
722,V_25-722
723,V_25-723
724,V_25-724
725,V_25-725
726,V_25-726
727,V_25-727
728,V_25-728
729,V_25-729
730,V_25-730
731,V_25-731
732,V_25-732
733,V_25-733
734,V_25-734
735,V_25-735
736,V_25-736
737,V_25-737
738,V_25-738
739,V_25-739
740,V_25-740
741,V_25-741
742,V_25-742
743,V_25-743
744,V_25-744
745,V_25-745
746,V_25-746
747,V_25-747
748,V_25-748
749,V_25-749
750,V_25-750
751,V_25-751
752,V_25-752
753,V_25-753
754,V_25-754
755,V_25-755
756,V_25-756
757,V_25-757
758,V_25-758
759,V_25-759
760,V_25-760
761,V_25-761
762,V_25-762
763,V_25-763
764,V_25-764
765,V_25-765
766,V_25-766
767,V_25-767
768,V_25-768
769,V_25-769
770,V_25-770
771,V_25-771
772,V_25-772
773,V_25-773
774,V_25-774
775,V_25-775
776,V_25-776
777,V_25-777
778,V_25-778
779,V_25-779
780,V_25-780
781,V_25-781
782,V_25-782
783,V_25-783
784,V_25-784
785,V_25-785
786,V_25-786
787,V_25-787
788,V_25-788
789,V_25-789
790,V_25-790
791,V_25-791
792,V_25-792
793,V_25-793
794,V_25-794
795,V_25-795
796,V_25-796
797,V_25-797
798,V_25-798
799,V_25-799
800,V_25-800
801,V_25-801
802,V_25-802
803,V_25-803
804,V_25-804
805,V_25-805
806,V_25-806
807,V_25-807
808,V_25-808
809,V_25-809
810,V_25-810
811,V_25-811
812,V_25-812
813,V_25-813
814,V_25-814
815,V_25-815
816,V_25-816
817,V_25-817
818,V_25-818
819,V_25-819
820,V_25-820
821,V_25-821
822,V_25-822
823,V_25-823
824,V_25-824
825,V_25-825
826,V_25-826
827,V_25-827
828,V_25-828
829,V_25-829
830,V_25-830
831,V_25-831
832,V_25-832
833,V_25-833
834,V_25-834
835,V_25-835
836,V_25-836
837,V_25-837
838,V_25-838
839,V_25-839
840,V_25-840
841,V_25-841
842,V_25-842
843,V_25-843
844,V_25-844
845,V_25-845
846,V_25-846
847,V_25-847
848,V_25-848
849,V_25-849
850,V_25-850
851,V_25-851
852,V_25-852
853,V_25-853
854,V_25-854
855,V_25-855
856,V_25-856
857,V_25-857
858,V_25-858
859,V_25-859
860,V_25-860
861,V_25-861
862,V_25-862
863,V_25-863
864,V_25-864
865,V_25-865
866,V_25-866
867,V_25-867
868,V_25-868
869,V_25-869
870,V_25-870
871,V_25-871
872,V_25-872
873,V_25-873
874,V_25-874
875,V_25-875
876,V_25-876
877,V_25-877
878,V_25-878
879,V_25-879
880,V_25-880
881,V_25-881
882,V_25-882
883,V_25-883
884,V_25-884
885,V_25-885
886,V_25-886
887,V_25-887
888,V_25-888
889,V_25-889
890,V_25-890
891,V_25-891
892,V_25-892
893,V_25-893
894,V_25-894
895,V_25-895
896,V_25-896
897,V_25-897
898,V_25-898
899,V_25-899
900,V_25-900
901,V_25-901
902,V_25-902
903,V_25-903
904,V_25-904
905,V_25-905
906,V_25-906
907,V_25-907
908,V_25-908
909,V_25-909
910,V_25-910
911,V_25-911
912,V_25-912
913,V_25-913
914,V_25-914
915,V_25-915
916,V_25-916
917,V_25-917
918,V_25-918
919,V_25-919
920,V_25-920
921,V_25-921
922,V_25-922
923,V_25-923
924,V_25-924
925,V_25-925
926,V_25-926
927,V_25-927
928,V_25-928
929,V_25-929
930,V_25-930
931,V_25-931
932,V_25-932
933,V_25-933
934,V_25-934
935,V_25-935
936,V_25-936
937,V_25-937
938,V_25-938
939,V_25-939
940,V_25-940
941,V_25-941
942,V_25-942
943,V_25-943
944,V_25-944
945,V_25-945
946,V_25-946
947,V_25-947
948,V_25-948
949,V_25-949
950,V_25-950
951,V_25-951
952,V_25-952
953,V_25-953
954,V_25-954
955,V_25-955
956,V_25-956
957,V_25-957
958,V_25-958
959,V_25-959
960,V_25-960
961,V_25-961
962,V_25-962
963,V_25-963
964,V_25-964
965,V_25-965
966,V_25-966
967,V_25-967
968,V_25-968
969,V_25-969
970,V_25-970
971,V_25-971
972,V_25-972
973,V_25-973
974,V_25-974
975,V_25-975
976,V_25-976
977,V_25-977
978,V_25-978
979,V_25-979
980,V_25-980
981,V_25-981
982,V_25-982
983,V_25-983
984,V_25-984
985,V_25-985
986,V_25-986
987,V_25-987
988,V_25-988
989,V_25-989
990,V_25-990
991,V_25-991
992,V_25-992
993,V_25-993
994,V_25-994
995,V_25-995
996,V_25-996
997,V_25-997
998,V_25-998
999,V_25-999
1000,V_25-1000
