ID,P24
1,V_24-1
2,V_24-2
3,V_24-3
4,V_24-4
5,V_24-5
6,V_24-6
7,V_24-7
8,V_24-8
9,V_24-9
10,V_24-10
11,V_24-11
12,V_24-12
13,V_24-13
14,V_24-14
15,V_24-15
16,V_24-16
17,V_24-17
18,V_24-18
19,V_24-19
20,V_24-20
21,V_24-21
22,V_24-22
23,V_24-23
24,V_24-24
25,V_24-25
26,V_24-26
27,V_24-27
28,V_24-28
29,V_24-29
30,V_24-30
31,V_24-31
32,V_24-32
33,V_24-33
34,V_24-34
35,V_24-35
36,V_24-36
37,V_24-37
38,V_24-38
39,V_24-39
40,V_24-40
41,V_24-41
42,V_24-42
43,V_24-43
44,V_24-44
45,V_24-45
46,V_24-46
47,V_24-47
48,V_24-48
49,V_24-49
50,V_24-50
51,V_24-51
52,V_24-52
53,V_24-53
54,V_24-54
55,V_24-55
56,V_24-56
57,V_24-57
58,V_24-58
59,V_24-59
60,V_24-60
61,V_24-61
62,V_24-62
63,V_24-63
64,V_24-64
65,V_24-65
66,V_24-66
67,V_24-67
68,V_24-68
69,V_24-69
70,V_24-70
71,V_24-71
72,V_24-72
73,V_24-73
74,V_24-74
75,V_24-75
76,V_24-76
77,V_24-77
78,V_24-78
79,V_24-79
80,V_24-80
81,V_24-81
82,V_24-82
83,V_24-83
84,V_24-84
85,V_24-85
86,V_24-86
87,V_24-87
88,V_24-88
89,V_24-89
90,V_24-90
91,V_24-91
92,V_24-92
93,V_24-93
94,V_24-94
95,V_24-95
96,V_24-96
97,V_24-97
98,V_24-98
99,V_24-99
100,V_24-100
101,V_24-101
102,V_24-102
103,V_24-103
104,V_24-104
105,V_24-105
106,V_24-106
107,V_24-107
108,V_24-108
109,V_24-109
110,V_24-110
111,V_24-111
112,V_24-112
113,V_24-113
114,V_24-114
115,V_24-115
116,V_24-116
117,V_24-117
118,V_24-118
119,V_24-119
120,V_24-120
121,V_24-121
122,V_24-122
123,V_24-123
124,V_24-124
125,V_24-125
126,V_24-126
127,V_24-127
128,V_24-128
129,V_24-129
130,V_24-130
131,V_24-131
132,V_24-132
133,V_24-133
134,V_24-134
135,V_24-135
136,V_24-136
137,V_24-137
138,V_24-138
139,V_24-139
140,V_24-140
141,V_24-141
142,V_24-142
143,V_24-143
144,V_24-144
145,V_24-145
146,V_24-146
147,V_24-147
148,V_24-148
149,V_24-149
150,V_24-150
151,V_24-151
152,V_24-152
153,V_24-153
154,V_24-154
155,V_24-155
156,V_24-156
157,V_24-157
158,V_24-158
159,V_24-159
160,V_24-160
161,V_24-161
162,V_24-162
163,V_24-163
164,V_24-164
165,V_24-165
166,V_24-166
167,V_24-167
168,V_24-168
169,V_24-169
170,V_24-170
171,V_24-171
172,V_24-172
173,V_24-173
174,V_24-174
175,V_24-175
176,V_24-176
177,V_24-177
178,V_24-178
179,V_24-179
180,V_24-180
181,V_24-181
182,V_24-182
183,V_24-183
184,V_24-184
185,V_24-185
186,V_24-186
187,V_24-187
188,V_24-188
189,V_24-189
190,V_24-190
191,V_24-191
192,V_24-192
193,V_24-193
194,V_24-194
195,V_24-195
196,V_24-196
197,V_24-197
198,V_24-198
199,V_24-199
200,V_24-200
201,V_24-201
202,V_24-202
203,V_24-203
204,V_24-204
205,V_24-205
206,V_24-206
207,V_24-207
208,V_24-208
209,V_24-209
210,V_24-210
211,V_24-211
212,V_24-212
213,V_24-213
214,V_24-214
215,V_24-215
216,V_24-216
217,V_24-217
218,V_24-218
219,V_24-219
220,V_24-220
221,V_24-221
222,V_24-222
223,V_24-223
224,V_24-224
225,V_24-225
226,V_24-226
227,V_24-227
228,V_24-228
229,V_24-229
230,V_24-230
231,V_24-231
232,V_24-232
233,V_24-233
234,V_24-234
235,V_24-235
236,V_24-236
237,V_24-237
238,V_24-238
239,V_24-239
240,V_24-240
241,V_24-241
242,V_24-242
243,V_24-243
244,V_24-244
245,V_24-245
246,V_24-246
247,V_24-247
248,V_24-248
249,V_24-249
250,V_24-250
251,V_24-251
252,V_24-252
253,V_24-253
254,V_24-254
255,V_24-255
256,V_24-256
257,V_24-257
258,V_24-258
259,V_24-259
260,V_24-260
261,V_24-261
262,V_24-262
263,V_24-263
264,V_24-264
265,V_24-265
266,V_24-266
267,V_24-267
268,V_24-268
269,V_24-269
270,V_24-270
271,V_24-271
272,V_24-272
273,V_24-273
274,V_24-274
275,V_24-275
276,V_24-276
277,V_24-277
278,V_24-278
279,V_24-279
280,V_24-280
281,V_24-281
282,V_24-282
283,V_24-283
284,V_24-284
285,V_24-285
286,V_24-286
287,V_24-287
288,V_24-288
289,V_24-289
290,V_24-290
291,V_24-291
292,V_24-292
293,V_24-293
294,V_24-294
295,V_24-295
296,V_24-296
297,V_24-297
298,V_24-298
299,V_24-299
300,V_24-300
301,V_24-301
302,V_24-302
303,V_24-303
304,V_24-304
305,V_24-305
306,V_24-306
307,V_24-307
308,V_24-308
309,V_24-309
310,V_24-310
311,V_24-311
312,V_24-312
313,V_24-313
314,V_24-314
315,V_24-315
316,V_24-316
317,V_24-317
318,V_24-318
319,V_24-319
320,V_24-320
321,V_24-321
322,V_24-322
323,V_24-323
324,V_24-324
325,V_24-325
326,V_24-326
327,V_24-327
328,V_24-328
329,V_24-329
330,V_24-330
331,V_24-331
332,V_24-332
333,V_24-333
334,V_24-334
335,V_24-335
336,V_24-336
337,V_24-337
338,V_24-338
339,V_24-339
340,V_24-340
341,V_24-341
342,V_24-342
343,V_24-343
344,V_24-344
345,V_24-345
346,V_24-346
347,V_24-347
348,V_24-348
349,V_24-349
350,V_24-350
351,V_24-351
352,V_24-352
353,V_24-353
354,V_24-354
355,V_24-355
356,V_24-356
357,V_24-357
358,V_24-358
359,V_24-359
360,V_24-360
361,V_24-361
362,V_24-362
363,V_24-363
364,V_24-364
365,V_24-365
366,V_24-366
367,V_24-367
368,V_24-368
369,V_24-369
370,V_24-370
371,V_24-371
372,V_24-372
373,V_24-373
374,V_24-374
375,V_24-375
376,V_24-376
377,V_24-377
378,V_24-378
379,V_24-379
380,V_24-380
381,V_24-381
382,V_24-382
383,V_24-383
384,V_24-384
385,V_24-385
386,V_24-386
387,V_24-387
388,V_24-388
389,V_24-389
390,V_24-390
391,V_24-391
392,V_24-392
393,V_24-393
394,V_24-394
395,V_24-395
396,V_24-396
397,V_24-397
398,V_24-398
399,V_24-399
400,V_24-400
401,V_24-401
402,V_24-402
403,V_24-403
404,V_24-404
405,V_24-405
406,V_24-406
407,V_24-407
408,V_24-408
409,V_24-409
410,V_24-410
411,V_24-411
412,V_24-412
413,V_24-413
414,V_24-414
415,V_24-415
416,V_24-416
417,V_24-417
418,V_24-418
419,V_24-419
420,V_24-420
421,V_24-421
422,V_24-422
423,V_24-423
424,V_24-424
425,V_24-425
426,V_24-426
427,V_24-427
428,V_24-428
429,V_24-429
430,V_24-430
431,V_24-431
432,V_24-432
433,V_24-433
434,V_24-434
435,V_24-435
436,V_24-436
437,V_24-437
438,V_24-438
439,V_24-439
440,V_24-440
441,V_24-441
442,V_24-442
443,V_24-443
444,V_24-444
445,V_24-445
446,V_24-446
447,V_24-447
448,V_24-448
449,V_24-449
450,V_24-450
451,V_24-451
452,V_24-452
453,V_24-453
454,V_24-454
455,V_24-455
456,V_24-456
457,V_24-457
458,V_24-458
459,V_24-459
460,V_24-460
461,V_24-461
462,V_24-462
463,V_24-463
464,V_24-464
465,V_24-465
466,V_24-466
467,V_24-467
468,V_24-468
469,V_24-469
470,V_24-470
471,V_24-471
472,V_24-472
473,V_24-473
474,V_24-474
475,V_24-475
476,V_24-476
477,V_24-477
478,V_24-478
479,V_24-479
480,V_24-480
481,V_24-481
482,V_24-482
483,V_24-483
484,V_24-484
485,V_24-485
486,V_24-486
487,V_24-487
488,V_24-488
489,V_24-489
490,V_24-490
491,V_24-491
492,V_24-492
493,V_24-493
494,V_24-494
495,V_24-495
496,V_24-496
497,V_24-497
498,V_24-498
499,V_24-499
500,V_24-500
501,V_24-501
502,V_24-502
503,V_24-503
504,V_24-504
505,V_24-505
506,V_24-506
507,V_24-507
508,V_24-508
509,V_24-509
510,V_24-510
511,V_24-511
512,V_24-512
513,V_24-513
514,V_24-514
515,V_24-515
516,V_24-516
517,V_24-517
518,V_24-518
519,V_24-519
520,V_24-520
521,V_24-521
522,V_24-522
523,V_24-523
524,V_24-524
525,V_24-525
526,V_24-526
527,V_24-527
528,V_24-528
529,V_24-529
530,V_24-530
531,V_24-531
532,V_24-532
533,V_24-533
534,V_24-534
535,V_24-535
536,V_24-536
537,V_24-537
538,V_24-538
539,V_24-539
540,V_24-540
541,V_24-541
542,V_24-542
543,V_24-543
544,V_24-544
545,V_24-545
546,V_24-546
547,V_24-547
548,V_24-548
549,V_24-549
550,V_24-550
551,V_24-551
552,V_24-552
553,V_24-553
554,V_24-554
555,V_24-555
556,V_24-556
557,V_24-557
558,V_24-558
559,V_24-559
560,V_24-560
561,V_24-561
562,V_24-562
563,V_24-563
564,V_24-564
565,V_24-565
566,V_24-566
567,V_24-567
568,V_24-568
569,V_24-569
570,V_24-570
571,V_24-571
572,V_24-572
573,V_24-573
574,V_24-574
575,V_24-575
576,V_24-576
577,V_24-577
578,V_24-578
579,V_24-579
580,V_24-580
581,V_24-581
582,V_24-582
583,V_24-583
584,V_24-584
585,V_24-585
586,V_24-586
587,V_24-587
588,V_24-588
589,V_24-589
590,V_24-590
591,V_24-591
592,V_24-592
593,V_24-593
594,V_24-594
595,V_24-595
596,V_24-596
597,V_24-597
598,V_24-598
599,V_24-599
600,V_24-600
601,V_24-601
602,V_24-602
603,V_24-603
604,V_24-604
605,V_24-605
606,V_24-606
607,V_24-607
608,V_24-608
609,V_24-609
610,V_24-610
611,V_24-611
612,V_24-612
613,V_24-613
614,V_24-614
615,V_24-615
616,V_24-616
617,V_24-617
618,V_24-618
619,V_24-619
620,V_24-620
621,V_24-621
622,V_24-622
623,V_24-623
624,V_24-624
625,V_24-625
626,V_24-626
627,V_24-627
628,V_24-628
629,V_24-629
630,V_24-630
631,V_24-631
632,V_24-632
633,V_24-633
634,V_24-634
635,V_24-635
636,V_24-636
637,V_24-637
638,V_24-638
639,V_24-639
640,V_24-640
641,V_24-641
642,V_24-642
643,V_24-643
644,V_24-644
645,V_24-645
646,V_24-646
647,V_24-647
648,V_24-648
649,V_24-649
650,V_24-650
651,V_24-651
652,V_24-652
653,V_24-653
654,V_24-654
655,V_24-655
656,V_24-656
657,V_24-657
658,V_24-658
659,V_24-659
660,V_24-660
661,V_24-661
662,V_24-662
663,V_24-663
664,V_24-664
665,V_24-665
666,V_24-666
667,V_24-667
668,V_24-668
669,V_24-669
670,V_24-670
671,V_24-671
672,V_24-672
673,V_24-673
674,V_24-674
675,V_24-675
676,V_24-676
677,V_24-677
678,V_24-678
679,V_24-679
680,V_24-680
681,V_24-681
682,V_24-682
683,V_24-683
684,V_24-684
685,V_24-685
686,V_24-686
687,V_24-687
688,V_24-688
689,V_24-689
690,V_24-690
691,V_24-691
692,V_24-692
693,V_24-693
694,V_24-694
695,V_24-695
696,V_24-696
697,V_24-697
698,V_24-698
699,V_24-699
700,V_24-700
701,V_24-701
702,V_24-702
703,V_24-703
704,V_24-704
705,V_24-705
706,V_24-706
707,V_24-707
708,V_24-708
709,V_24-709
710,V_24-710
711,V_24-711
712,V_24-712
713,V_24-713
714,V_24-714
715,V_24-715
716,V_24-716
717,V_24-717
718,V_24-718
719,V_24-719
720,V_24-720
721,V_24-721
722,V_24-722
723,V_24-723
724,V_24-724
725,V_24-725
726,V_24-726
727,V_24-727
728,V_24-728
729,V_24-729
730,V_24-730
731,V_24-731
732,V_24-732
733,V_24-733
734,V_24-734
735,V_24-735
736,V_24-736
737,V_24-737
738,V_24-738
739,V_24-739
740,V_24-740
741,V_24-741
742,V_24-742
743,V_24-743
744,V_24-744
745,V_24-745
746,V_24-746
747,V_24-747
748,V_24-748
749,V_24-749
750,V_24-750
751,V_24-751
752,V_24-752
753,V_24-753
754,V_24-754
755,V_24-755
756,V_24-756
757,V_24-757
758,V_24-758
759,V_24-759
760,V_24-760
761,V_24-761
762,V_24-762
763,V_24-763
764,V_24-764
765,V_24-765
766,V_24-766
767,V_24-767
768,V_24-768
769,V_24-769
770,V_24-770
771,V_24-771
772,V_24-772
773,V_24-773
774,V_24-774
775,V_24-775
776,V_24-776
777,V_24-777
778,V_24-778
779,V_24-779
780,V_24-780
781,V_24-781
782,V_24-782
783,V_24-783
784,V_24-784
785,V_24-785
786,V_24-786
787,V_24-787
788,V_24-788
789,V_24-789
790,V_24-790
791,V_24-791
792,V_24-792
793,V_24-793
794,V_24-794
795,V_24-795
796,V_24-796
797,V_24-797
798,V_24-798
799,V_24-799
800,V_24-800
801,V_24-801
802,V_24-802
803,V_24-803
804,V_24-804
805,V_24-805
806,V_24-806
807,V_24-807
808,V_24-808
809,V_24-809
810,V_24-810
811,V_24-811
812,V_24-812
813,V_24-813
814,V_24-814
815,V_24-815
816,V_24-816
817,V_24-817
818,V_24-818
819,V_24-819
820,V_24-820
821,V_24-821
822,V_24-822
823,V_24-823
824,V_24-824
825,V_24-825
826,V_24-826
827,V_24-827
828,V_24-828
829,V_24-829
830,V_24-830
831,V_24-831
832,V_24-832
833,V_24-833
834,V_24-834
835,V_24-835
836,V_24-836
837,V_24-837
838,V_24-838
839,V_24-839
840,V_24-840
841,V_24-841
842,V_24-842
843,V_24-843
844,V_24-844
845,V_24-845
846,V_24-846
847,V_24-847
848,V_24-848
849,V_24-849
850,V_24-850
851,V_24-851
852,V_24-852
853,V_24-853
854,V_24-854
855,V_24-855
856,V_24-856
857,V_24-857
858,V_24-858
859,V_24-859
860,V_24-860
861,V_24-861
862,V_24-862
863,V_24-863
864,V_24-864
865,V_24-865
866,V_24-866
867,V_24-867
868,V_24-868
869,V_24-869
870,V_24-870
871,V_24-871
872,V_24-872
873,V_24-873
874,V_24-874
875,V_24-875
876,V_24-876
877,V_24-877
878,V_24-878
879,V_24-879
880,V_24-880
881,V_24-881
882,V_24-882
883,V_24-883
884,V_24-884
885,V_24-885
886,V_24-886
887,V_24-887
888,V_24-888
889,V_24-889
890,V_24-890
891,V_24-891
892,V_24-892
893,V_24-893
894,V_24-894
895,V_24-895
896,V_24-896
897,V_24-897
898,V_24-898
899,V_24-899
900,V_24-900
901,V_24-901
902,V_24-902
903,V_24-903
904,V_24-904
905,V_24-905
906,V_24-906
907,V_24-907
908,V_24-908
909,V_24-909
910,V_24-910
911,V_24-911
912,V_24-912
913,V_24-913
914,V_24-914
915,V_24-915
916,V_24-916
917,V_24-917
918,V_24-918
919,V_24-919
920,V_24-920
921,V_24-921
922,V_24-922
923,V_24-923
924,V_24-924
925,V_24-925
926,V_24-926
927,V_24-927
928,V_24-928
929,V_24-929
930,V_24-930
931,V_24-931
932,V_24-932
933,V_24-933
934,V_24-934
935,V_24-935
936,V_24-936
937,V_24-937
938,V_24-938
939,V_24-939
940,V_24-940
941,V_24-941
942,V_24-942
943,V_24-943
944,V_24-944
945,V_24-945
946,V_24-946
947,V_24-947
948,V_24-948
949,V_24-949
950,V_24-950
951,V_24-951
952,V_24-952
953,V_24-953
954,V_24-954
955,V_24-955
956,V_24-956
957,V_24-957
958,V_24-958
959,V_24-959
960,V_24-960
961,V_24-961
962,V_24-962
963,V_24-963
964,V_24-964
965,V_24-965
966,V_24-966
967,V_24-967
968,V_24-968
969,V_24-969
970,V_24-970
971,V_24-971
972,V_24-972
973,V_24-973
974,V_24-974
975,V_24-975
976,V_24-976
977,V_24-977
978,V_24-978
979,V_24-979
980,V_24-980
981,V_24-981
982,V_24-982
983,V_24-983
984,V_24-984
985,V_24-985
986,V_24-986
987,V_24-987
988,V_24-988
989,V_24-989
990,V_24-990
991,V_24-991
992,V_24-992
993,V_24-993
994,V_24-994
995,V_24-995
996,V_24-996
997,V_24-997
998,V_24-998
999,V_24-999
1000,V_24-1000
